Button,Time
"[['2', 474.276221036911]]",1537892544.184557
"[['1', 82.92974901199341]]",1537892921.456946
"[['2', 127.4634759426117]]",1537892967.472027
"[['2', 165.0421769618988]]",1537893391.59386
"[['return', 134.6096830368042]]",1537893719.19948
"[['return', 135.65776300430298]]",1537893719.950304
"[['2', 139.27550196647644]]",1537893723.567491
"[['1', 188.39122605323792]]",1537893772.683457
"[['2', 43.03542399406433]]",1537893942.939739
"[['2', 153.7168369293213]]",1537894347.254297
"[['return', 70.79857587814331]]",1537894594.43493
"[['2', 179.48719000816345]]",1537894704.82111
"[['2', 203.5929799079895]]",1537894727.478695
"[['return', 70.04355192184448]]",1537894923.525575
"[['2', 213.65873908996582]]",1537895068.022627
