Button,Time
"[['3', 122.34492802619934]]",1551371156.545092
"[['3', 113.39448189735413]]",1551372573.669084
"[['1', 183.40231490135193]]",1551372643.649423
"[['1', 136.4442961215973]]",1551372943.857187
"[['1', 141.81400418281555]]",1551372949.159695
