Button,Time
"[['3', 301.6574339866638]]",1539533752.357772
"[['2', 449.85634779930115]]",1539533900.556364
"[['3', 43.91710901260376]]",1539534549.730295
"[['2', 95.9022388458252]]",1539534600.564925
