Button,Time
"[['2', 420.1592149734497]]",1554833873.084829
"[['4', 425.74808287620544]]",1554833877.252703
"[['3', 519.5574998855591]]",1554833971.60053
"[['1', 553.318452835083]]",1554834005.245056
"[['2', 106.94592213630676]]",1554834233.535849
"[['1', 84.61024498939514]]",1554834573.40069
"[['4', 94.49673295021057]]",1554835646.068314
"[['4', 122.62890601158142]]",1554835674.226634
"[['3', 30.761749029159546]]",1554835902.604875
