Button,Time
"[['4', 278.1763188838959]]",1540153547.50972
"[['2', 443.31570982933044]]",1540153712.679716
"[['1', 458.7851929664612]]",1540153728.118267
"[['1', 556.9511749744415]]",1540153827.233812
"[['1', 209.7543330192566]]",1540154511.922783
"[['1', 237.4767210483551]]",1540154538.382771
"[['1', 152.79049491882324]]",1540155228.758167
"[['1', 153.6052601337433]]",1540155594.326919
"[['1', 142.3651762008667]]",1540156276.931011
"[['1', 212.4557921886444]]",1540156346.938076
