Button,Time
"[['2', 377.0623948574066]]",1553883136.675196
"[['3', 380.34656596183777]]",1553883139.955504
"[['3', 383.76941990852356]]",1553883143.339923
"[['1', 518.0905029773712]]",1553883277.836624
"[['3', 55.75404906272888]]",1553883412.061709
"[['2', 107.79589819908142]]",1553883463.258881
"[['3', 111.96735620498657]]",1553883467.91498
"[['3', 117.49378204345703]]",1553883472.933065
"[['4', 175.93696308135986]]",1553883532.35321
"[['3', 50.045681953430176]]",1553883754.606414
"[['3', 194.10695600509644]]",1553884912.569519
"[['space', 215.35257697105408]]",1553884932.629406
