Button,Time
"[['space', 105.30829906463623]]",1550769924.618856
"[['1', 215.66029906272888]]",1550770034.970732
"[['lcommand', 239.2499599456787]]",1550770058.561135
"[['1', 142.3605170249939]]",1550770342.536785
"[['3', 168.54294300079346]]",1550770368.695132
"[['3', 27.764491081237793]]",1550770601.221575
"[['2', 139.19585609436035]]",1550770712.623895
"[['1', 149.14288210868835]]",1550770722.560638
"[['1', 175.31683993339539]]",1550770748.718936
"[['3', 181.13754510879517]]",1550770755.304566
"[['1', 191.85667204856873]]",1550770765.258728
"[['3', 191.8898069858551]]",1550770765.292027
"[['2', 201.77559804916382]]",1550770775.177709
"[['3', 121.45500802993774]]",1550771067.689763
"[['1', 136.12081694602966], ['3', 136.12164402008057]]",1550771388.92735
"[['2', 192.31275510787964]]",1550771444.578469
"[['2', 108.76774907112122]]",1550771674.536493
"[['1', 161.56674909591675]]",1550771726.804158
"[['1', 193.694895029068]]",1550771759.631054
"[['3', 162.82157802581787], ['2', 162.83874797821045]]",1550772034.271314
"[['1', 192.79916286468506]]",1550772064.1301
"[['1', 148.12052583694458]]",1550772392.321301
"[['1', 233.59802293777466]]",1550772477.799331
"[['2', 135.33615708351135]]",1550772688.551011
"[['3', 144.59733295440674]]",1550772697.837491
