Button,Time
"[['2', 62.93739604949951], ['3', 63.10379886627197], ['4', 63.604493856430054], ['2', 63.83742904663086]]",1533560542.415893
