Button,Time
"[['2', 236.360267162323]]",1555009258.378222
"[['3', 393.1284031867981]]",1555009415.294535
"[['2', 449.79672408103943], ['4', 450.6645522117615], ['4', 450.99799513816833], ['4', 451.23152112960815], ['4', 451.365275144577], ['4', 451.498015165329], ['4', 451.76469707489014]]",1555009473.264534
"[['3', 455.632520198822]]",1555009478.53201
"[['3', 460.3675811290741]]",1555009483.766534
"[['1', 464.9675030708313], ['1', 465.36742305755615]]",1555009489.152861
"[['3', 503.24743819236755]]",1555009525.796904
"[['2', 540.3257191181183]]",1555009562.639118
"[['space', 42.44495606422424], ['function', 42.4784791469574]]",1555009723.607703
"[['function', 43.33120107650757]]",1555009724.098829
"[['function', 43.69343400001526]]",1555009724.460652
"[['function', 44.074732065200806]]",1555009724.858117
"[['function', 46.746148109436035]]",1555009728.496766
"[['function', 55.622119188308716]]",1555009737.395862
"[['function', 62.70625615119934]]",1555009744.485216
"[['function', 70.26556515693665]]",1555009751.967363
"[['function', 77.90234518051147]]",1555009759.668579
"[['function', 85.15824007987976]]",1555009766.926504
"[['function', 95.42435002326965]]",1555009776.191959
"[['3', 135.90904116630554]]",1555009817.843171
"[['2', 143.4386579990387]]",1555009824.245369
"[['4', 219.4701611995697]]",1555009900.682551
"[['4', 220.13156414031982]]",1555009900.89878
"[['1', 34.70620679855347]]",1555010050.19665
"[['2', 246.15029978752136]]",1555010260.656906
"[['2', 247.905366897583]]",1555010265.199796
"[['2', 163.15967202186584]]",1555010553.965277
"[['4', 261.51585578918457]]",1555011256.039166
"[['4', 262.0862100124359]]",1555011256.072417
"[['function', 270.23491191864014]]",1555011266.558638
"[['3', 296.0113859176636]]",1555011292.839872
"[['2', 110.13899111747742]]",1555011476.927357
"[['3', 142.32018303871155]]",1555011507.455685
"[['1', 201.3295180797577], ['2', 201.9283721446991]]",1555011918.089263
"[['4', 207.14668107032776]]",1555011923.527775
"[['3', 237.95664310455322], ['3', 238.34060406684875], ['3', 238.64191102981567], ['3', 238.9246141910553], ['3', 239.49256896972656], ['4', 240.22502899169922]]",1555011954.517041
"[['1', 65.73465991020203]]",1555012154.549098
"[['1', 228.02812886238098]]",1555012318.952596
