Button,Time
"[['3', 211.67636108398438]]",1556033264.588632
"[['2', 219.86232495307922]]",1556033273.67083
"[['1', 235.93435716629028]]",1556033288.04779
"[['2', 243.8193061351776]]",1556033297.511867
"[['grave', 179.73899793624878]]",1556033665.682851
"[['3', 135.7454960346222]]",1556033936.287785
"[['3', 78.38543200492859]]",1556034195.339024
"[['1', 213.10107278823853]]",1556034693.621277
"[['2', 214.4867799282074]]",1556035026.99415
"[['1', 16.98470902442932]]",1556035197.604025
"[['n', 108.63109707832336]]",1556035289.249633
"[['4', 123.69749712944031]]",1556035305.522831
"[['2', 254.65655207633972]]",1556035438.065035
"[['3', 264.8939599990845]]",1556035447.518672
"[['4', 269.41109800338745]]",1556035452.732873
"[['2', 275.1975440979004]]",1556035457.887882
"[['2', 279.49796414375305]]",1556035462.985982
"[['2', 289.9015910625458]]",1556035473.293578
"[['4', 295.35323095321655]]",1556035478.574088
