Button,Time
"[['c', 212.96488904953003]]",1539540497.451911
"[['3', 264.0590741634369]]",1539540548.502104
"[['f5', 388.6851341724396]]",1539540674.509618
"[['3', 425.19403100013733]]",1539540709.636736
"[['2', 475.16031098365784]]",1539540759.636559
"[['space', 152.9239101409912]]",1539541360.881143
"[['f5', 18.849303007125854]]",1539541523.583682
"[['lctrl', 148.69163298606873]]",1539541653.426101
"[['1', 163.24809002876282]]",1539541667.996825
"[['f5', 21.127537965774536]]",1539541838.236911
"[['space', 184.6053340435028]]",1539542306.502628
