Button,Time
"[['4', 255.95681500434875]]",1550787531.130195
"[['2', 125.33337593078613]]",1550788039.727913
"[['1', 131.78268003463745]]",1550788046.163509
"[['2', 196.51287984848022]]",1550788110.868879
"[['1', 129.49177503585815]]",1550788374.473381
"[['space', 56.96219301223755]]",1550788631.039576
"[['3', 175.2335650920868]]",1550788747.377251
"[['2', 175.25021505355835]]",1550788747.394192
"[['1', 63.49714803695679]]",1550789036.870917
"[['2', 155.86012601852417]]",1550789128.283142
"[['2', 159.0338099002838]]",1550789131.470672
"[['2', 213.97940301895142]]",1550789186.402302
"[['2', 95.72115302085876]]",1550789355.873604
"[['2', 127.77399921417236]]",1550789387.939293
"[['2', 189.22570419311523]]",1550789449.391121
"[['3', 209.15685415267944]]",1550789469.29291
"[['1', 211.74287605285645]]",1550789471.878895
"[['2', 80.59883308410645]]",1550789921.056855
"[['2', 137.2200140953064], ['2', 137.44461297988892], ['2', 137.6689691543579]]",1550789978.829246
"[['2', 210.6530840396881]]",1550790052.220375
