Button,Time
"[['lcommand', 54.03646898269653]]",1550700879.627069
