Button,Time
"[['escape', 20.973998069763184]]",1550699695.680207
