Button,Time
"[['1', 261.02389097213745]]",1556381494.811004
"[['2', 383.1304039955139]]",1556381616.917167
"[['2', 421.5172348022461]]",1556381655.32943
"[['1', 109.35553503036499]]",1556381997.224933
"[['4', 198.44265508651733]]",1556382750.099487
