Button,Time
"[['space', 165.89409685134888]]",1550782713.882241
"[['space', 168.79696607589722]]",1550782716.784832
"[['2', 284.5525460243225]]",1550782832.540544
"[['1', 427.1964039802551]]",1550782975.184387
"[['1', 433.41928791999817]]",1550782981.418797
"[['2', 458.89580392837524]]",1550783006.915152
"[['2', 513.0541880130768]]",1550783061.078603
"[['2', 108.16255497932434]]",1550783307.290774
"[['2', 150.68401980400085]]",1550783349.821811
"[['1', 160.51138496398926]]",1550783359.641216
"[['2', 52.425012826919556], ['3', 52.4262809753418], ['4', 52.46943402290344], ['5', 52.50333094596863], ['6', 52.53677797317505], ['7', 52.57059288024902], ['8', 52.61960291862488], ['9', 52.65545892715454], ['0', 52.68901181221008], ['minus', 52.758492946624756], ['equal', 52.84551501274109]]",1550784226.3894
"[['lcommand', 55.524502992630005]]",1550784228.994533
"[['1', 102.94501209259033]]",1550784665.949594
