Button,Time
"[['1', 240.7220799922943]]",1554915761.1092
"[['4', 101.08135509490967]]",1554916334.213702
"[['1', 194.19457507133484]]",1554916427.422849
"[['1', 208.27117395401]]",1554916799.643752
"[['2', 105.60277915000916]]",1554917063.363416
