Button,Time
"[['4', 126.36697006225586]]",1539186383.865913
"[['3', 28.623574018478394]]",1539187152.862887
"[['3', 132.30717420578003]]",1539187255.497444
"[['2', 153.51463508605957]]",1539187631.435481
"[['3', 153.02083206176758]]",1539187961.57516
