Button,Time
"[['3', 265.8259620666504]]",1554837131.318739
"[['2', 151.63209199905396]]",1554837668.259707
"[['2', 183.88631415367126]]",1554837700.515503
"[['3', 278.25591492652893]]",1554838159.732429
"[['rcommand', 141.6581199169159]]",1554838838.455713
"[['space', 145.59053301811218]]",1554838842.405825
"[['space', 149.3550078868866]]",1554838846.990335
"[['space', 153.3548619747162]]",1554838851.492054
"[['space', 157.94014406204224], ['rcommand', 158.8728199005127]]",1554838856.130462
