Button,Time
"[['4', 325.07494497299194]]",1550778636.199318
"[['4', 328.9879069328308]]",1550778639.42932
"[['1', 491.3336579799652]]",1550778801.802933
"[['1', 507.83104395866394]]",1550778818.27231
"[['1', 540.549840927124]]",1550778851.019416
"[['1', 557.0970230102539]]",1550778867.538729
"[['1', 132.76108598709106]]",1550779200.412474
"[['1', 139.12945914268494]]",1550779206.781203
"[['4', 148.94816303253174]]",1550779216.639682
"[['4', 158.7360701560974]]",1550779226.425544
"[['1', 209.23221588134766]]",1550779673.369134
"[['1', 77.90289616584778]]",1550779978.852044
"[['1', 126.06119704246521]]",1550780027.021361
"[['4', 136.02540111541748]]",1550780036.991353
"[['4', 189.24350714683533]]",1550780090.509523
"[['4', 143.1348569393158]]",1550781437.985675
"[['lcommand', 152.80279994010925]]",1550781447.654239
"[['1', 76.42220115661621]]",1550781700.01835
"[['4', 167.2503640651703]]",1550781790.385103
"[['4', 170.81907510757446]]",1550781793.915842
"[['1', 184.12299013137817]]",1550781807.219621
