Button,Time
"[['2', 385.9808840751648]]",1539786480.16535
"[['2', 411.8840489387512]]",1539786506.090881
"[['2', 149.3814709186554]]",1539787232.008753
"[['2', 229.84160804748535]]",1539787312.133532
"[['2', 149.4499728679657]]",1539787547.076677
"[['2', 212.3673460483551]]",1539787609.146164
"[['3', 261.97409105300903]]",1539787991.653296
